gene,0
lmo1695,1.0
sul,1.0
lmo0919,0.9696969696969697
fosX,0.8282828282828283
norB,0.7457912457912458
dfrD,0.0016835016835016834
mphB,0.0016835016835016834
lnuG,0.0
tetM,0.0
str,0.0
qnrB,0.0
penA,0.0
msrD,0.0
mefA,0.0
aacA4,0.0
lnuA,0.0
aadC,0.0
fexA,0.0
ermG,0.0
ermB,0.0
dfrK,0.0
cat_CHL,0.0
aphA,0.0
aadE,0.0
tetS,0.0
