gene,0
lmo0919,0.8265993265993266
lmo1695,0.8232323232323232
sul,0.8114478114478114
fosX,0.6077441077441077
norB,0.5841750841750841
lnuG,0.0
tetM,0.0
str,0.0
qnrB,0.0
penA,0.0
msrD,0.0
mphB,0.0
mefA,0.0
aacA4,0.0
lnuA,0.0
aadC,0.0
fexA,0.0
ermG,0.0
ermB,0.0
dfrK,0.0
dfrD,0.0
cat_CHL,0.0
aphA,0.0
aadE,0.0
tetS,0.0
